{"count":1,"gauges":{"robotbrain.CumulativeReward":{"count":3,"max":-1,"min":-1,"value":-1,"weightedAverage":-1}},"self":83.5323968,"total":83.6226913,"children":{"AgentSendState":{"count":4160,"self":0.039666099999999996,"total":0.0406957,"children":{"CollectObservations":{"count":416,"self":0.0010295999999999999,"total":0.0010295999999999999,"children":null},"CollectDiscreteActionMasks":{"count":416,"self":0,"total":0,"children":null}}},"DecideAction":{"count":4160,"self":0.0079172,"total":0.0079172,"children":null},"AgentAct":{"count":4160,"self":0.041679299999999996,"total":0.041679299999999996,"children":null}}}